file,line,kind,literal,classification,context
/home/user/MediaHub/src/mediahub/web/web.py,1274,hex6,#8ab4ff,unclassified,"        a.style.color = 'var(--lane,var(--accent,#8ab4ff))'; a.style.wordBreak = 'break-all';"
/home/user/MediaHub/src/mediahub/web/web.py,1279,hex6,#5EE39A,unclassified,"          b.style.cssText = 'margin-left:8px;font-size:11px;padding:1px 7px;border-radius:999px;background:rgba(94,227,1"
/home/user/MediaHub/src/mediahub/web/web.py,1932,hex6,#10141d,inline_html_style,"       style=""background:var(--panel,#10141d);border:1px solid var(--border,#252a36);"
/home/user/MediaHub/src/mediahub/web/web.py,1932,hex6,#252a36,inline_html_style,"       style=""background:var(--panel,#10141d);border:1px solid var(--border,#252a36);"
/home/user/MediaHub/src/mediahub/web/web.py,1934,hex6,#e9eef5,unclassified,"              overflow:auto;padding:22px;color:var(--ink,#e9eef5)"">"
/home/user/MediaHub/src/mediahub/web/web.py,1944,hex6,#252a36,unclassified,"           max-height:180px;overflow:auto;border:1px solid var(--border,#252a36);"
/home/user/MediaHub/src/mediahub/web/web.py,1952,hex6,#252a36,inline_html_style,"        style=""width:100%;padding:8px;border:1px solid var(--border,#252a36);"
/home/user/MediaHub/src/mediahub/web/web.py,1961,hex6,#252a36,inline_html_style,"             style=""padding:8px;border:1px solid var(--border,#252a36);border-radius:8px;"
/home/user/MediaHub/src/mediahub/web/web.py,2147,hex6,#252a36,inline_html_style,"          +     'style=""padding:8px;border:1px solid var(--border,#252a36);'"
/home/user/MediaHub/src/mediahub/web/web.py,2154,hex6,#252a36,inline_html_style,"          + '<div style=""border-top:1px solid var(--border,#252a36);padding-top:10px;margin-top:10px"">'"
/home/user/MediaHub/src/mediahub/web/web.py,2155,hex6,#7a8597,inline_html_style,"          +   '<div style=""font-size:12px;color:var(--muted,#7a8597);margin-bottom:6px"">No Buffer? Download the post for"
/home/user/MediaHub/src/mediahub/web/web.py,2415,hex6,#ff5d6c,unclassified,        document.querySelectorAll('.ai-status-dot').forEach(function(d){ d.style.background='#ff5d6c'; });
/home/user/MediaHub/src/mediahub/web/web.py,3009,hex6,#0a0a0a,inline_html_style,"        '<img src=""' + imgUrl + '"" alt=""Variant ' + vt.seed + '"" style=""width:100%;border-radius:6px;background:#0a0a0a;"
/home/user/MediaHub/src/mediahub/web/web.py,3058,hex6,#2cc97f,unclassified,          var color = j.live ? '#2cc97f' : '#ff5d6c';
/home/user/MediaHub/src/mediahub/web/web.py,3058,hex6,#ff5d6c,unclassified,          var color = j.live ? '#2cc97f' : '#ff5d6c';
/home/user/MediaHub/src/mediahub/web/web.py,3162,hex6,#ffae3b,unclassified,"            'border-radius:50%;background:#ffae3b"" aria-hidden=""true""></span>'"
/home/user/MediaHub/src/mediahub/web/web.py,3887,hex6,#0A0B11,token_definition,  --bg:        var(--mh-surface);             /* #0A0B11 — pit-wall black */
/home/user/MediaHub/src/mediahub/web/web.py,3888,hex6,#06070C,token_definition,  --bg-deep:   var(--mh-surface-deep);        /* #06070C */
/home/user/MediaHub/src/mediahub/web/web.py,3889,hex6,#14171F,token_definition,  --surface:   var(--mh-surface-variant);     /* #14171F — card / panel base */
/home/user/MediaHub/src/mediahub/web/web.py,3890,hex6,#1A1E28,token_definition,  --surface-2: var(--mh-surface-container);   /* #1A1E28 — raised */
/home/user/MediaHub/src/mediahub/web/web.py,3891,hex6,#232838,token_definition,  --surface-3: var(--mh-surface-container-high); /* #232838 — hover */
/home/user/MediaHub/src/mediahub/web/web.py,3897,hex6,#7A7869,unclassified,     --ink-muted raised from #7A7869 (4.41:1) to #9A988A (5.69:1 on bg)
/home/user/MediaHub/src/mediahub/web/web.py,3897,hex6,#9A988A,unclassified,     --ink-muted raised from #7A7869 (4.41:1) to #9A988A (5.69:1 on bg)
/home/user/MediaHub/src/mediahub/web/web.py,3900,hex6,#F5F2E8,token_definition,  --ink:       var(--mh-on-surface);          /* #F5F2E8 — primary text */
/home/user/MediaHub/src/mediahub/web/web.py,3901,hex6,#B6B2A6,token_definition,  --ink-dim:   var(--mh-on-surface-variant);  /* #B6B2A6 — 9.27:1 safe */
/home/user/MediaHub/src/mediahub/web/web.py,3902,hex6,#9A988A,token_definition,  --ink-muted: var(--mh-on-surface-muted);    /* #9A988A — 5.69:1 AA */
/home/user/MediaHub/src/mediahub/web/web.py,3903,hex6,#62604F,token_definition,  --ink-faint: var(--mh-on-surface-faint);    /* #62604F — large/decorative */
/home/user/MediaHub/src/mediahub/web/web.py,3908,hex6,#D4FF3A,token_definition,  --lane:      var(--mh-primary);             /* #D4FF3A */
/home/user/MediaHub/src/mediahub/web/web.py,3909,hex6,#E6FF6B,token_definition,  --lane-h:    var(--mh-primary-hover);       /* #E6FF6B — hover lift */
/home/user/MediaHub/src/mediahub/web/web.py,3910,hex6,#A8CC2E,token_definition,  --lane-deep: var(--mh-primary-pressed);     /* #A8CC2E — pressed/underline */
/home/user/MediaHub/src/mediahub/web/web.py,3911,hex6,#0A0B11,token_definition,  --lane-ink:  var(--mh-on-primary);          /* #0A0B11 — text on lane bg */
/home/user/MediaHub/src/mediahub/web/web.py,3917,hex6,#F4D58D,token_definition,  --medal:        var(--mh-tertiary);                  /* #F4D58D */
/home/user/MediaHub/src/mediahub/web/web.py,3918,hex6,#FFE5A1,token_definition,  --medal-h:      var(--mh-prim-tertiary-200);         /* #FFE5A1 */
/home/user/MediaHub/src/mediahub/web/web.py,3919,hex6,#C9A04B,token_definition,  --medal-deep:   var(--mh-prim-tertiary-600);         /* #C9A04B */
/home/user/MediaHub/src/mediahub/web/web.py,3920,hex6,#2B1F00,token_definition,  --medal-ink:    var(--mh-on-tertiary);               /* #2B1F00 */
/home/user/MediaHub/src/mediahub/web/web.py,3925,hex6,#4DA3FF,token_definition,  --info:      var(--mh-info);                /* #4DA3FF */
/home/user/MediaHub/src/mediahub/web/web.py,3929,hex6,#5EE39A,token_definition,  --good:      var(--mh-success);             /* #5EE39A */
/home/user/MediaHub/src/mediahub/web/web.py,3931,hex6,#FFB454,token_definition,  --warn:      var(--mh-warning);             /* #FFB454 */
/home/user/MediaHub/src/mediahub/web/web.py,3933,hex6,#FF6B6B,token_definition,  --bad:       var(--mh-error);               /* #FF6B6B */
/home/user/MediaHub/src/mediahub/web/web.py,4632,hex6,#9EB3C8,unclassified,"  background: rgba(0,0,0,0.3); color: #9EB3C8;"
/home/user/MediaHub/src/mediahub/web/web.py,4988,hex6,#0A0B11,unclassified,"    background: var(--bg, #0A0B11) !important;"
/home/user/MediaHub/src/mediahub/web/web.py,5014,hex6,#A30D2D,unclassified,   input gets squeezed to ~30 px wide and #A30D2D is clipped. Drop to a
/home/user/MediaHub/src/mediahub/web/web.py,5090,hex6,#f43f5e,gradient_stop,"  background: linear-gradient(135deg, var(--accent) 0%, var(--lane) 60%, #f43f5e 100%);"
/home/user/MediaHub/src/mediahub/web/web.py,5887,hex6,#0A0B11,unclassified,"        active profile's resolved surface, or ``#0A0B11`` (the"
/home/user/MediaHub/src/mediahub/web/web.py,5930,hex6,#0A0B11,unclassified,    ``#0A0B11`` (Stage A default) when no profile is active or the
/home/user/MediaHub/src/mediahub/web/web.py,5941,hex6,#0A0B11,unclassified,"            return ""#0A0B11"""
/home/user/MediaHub/src/mediahub/web/web.py,5944,hex6,#0A0B11,unclassified,"        return ""#0A0B11"""
/home/user/MediaHub/src/mediahub/web/web.py,5946,hex6,#0A0B11,unclassified,"        return ""#0A0B11"""
/home/user/MediaHub/src/mediahub/web/web.py,5951,hex6,#0A0B11,unclassified,"        return ""#0A0B11"""
/home/user/MediaHub/src/mediahub/web/web.py,5955,hex6,#0A0B11,unclassified,"    return surface if isinstance(surface, str) and surface.startswith(""#"") else ""#0A0B11"""
/home/user/MediaHub/src/mediahub/web/web.py,6270,hex6,#0E2A47,unclassified,"    seeds (#0E2A47 navy + #C9A227 gold) the first time it's called,"
/home/user/MediaHub/src/mediahub/web/web.py,6270,hex6,#C9A227,unclassified,"    seeds (#0E2A47 navy + #C9A227 gold) the first time it's called,"
/home/user/MediaHub/src/mediahub/web/web.py,6348,hex6,#A30D2D,unclassified,"                # defaults to ``#A30D2D`` (legacy red), so the user"
/home/user/MediaHub/src/mediahub/web/web.py,6357,hex6,#A30D2D,unclassified,"                _CLUB_PROFILE_DEFAULT_PRIMARY = ""#A30D2D"""
/home/user/MediaHub/src/mediahub/web/web.py,6868,hex6,#0A0B11,unclassified,"<meta name=""theme-color"" content=""#0A0B11"" />"
/home/user/MediaHub/src/mediahub/web/web.py,7064,hex6,#5EE39A,unclassified,        dot.style.background = '#5EE39A';
/home/user/MediaHub/src/mediahub/web/web.py,7068,hex6,#FF6B6B,unclassified,        dot.style.background = '#FF6B6B';
/home/user/MediaHub/src/mediahub/web/web.py,7076,hex6,#FF6B6B,unclassified,      dot.style.background = '#FF6B6B';
/home/user/MediaHub/src/mediahub/web/web.py,9514,hex6,#0A2540,unclassified,"        prof_primary = ""#0A2540"""
/home/user/MediaHub/src/mediahub/web/web.py,9515,hex6,#101820,unclassified,"        prof_secondary = ""#101820"""
/home/user/MediaHub/src/mediahub/web/web.py,9516,hex6,#FFD86E,unclassified,"        prof_accent = ""#FFD86E"""
/home/user/MediaHub/src/mediahub/web/web.py,9526,hex6,#A30D2D,unclassified,"            # stay at the ``#A30D2D`` class default, so runs were seeded red"
/home/user/MediaHub/src/mediahub/web/web.py,10866,hex6,#128241,unclassified,        &#128241; Approve from a phone</button>
/home/user/MediaHub/src/mediahub/web/web.py,10881,hex6,#128241,unclassified,          btn.disabled = false; btn.innerHTML = '&#128241; Approve from a phone';
/home/user/MediaHub/src/mediahub/web/web.py,10890,hex6,#128241,unclassified,        .catch(function() {{ btn.disabled = false; btn.innerHTML = '&#128241; Approve from a phone'; }});
/home/user/MediaHub/src/mediahub/web/web.py,12845,hex6,#0A0B11,unclassified,"        '<rect width=""32"" height=""32"" rx=""6"" fill=""#0A0B11""/>'"
/home/user/MediaHub/src/mediahub/web/web.py,12846,hex6,#B6B2A6,unclassified,"        '<rect x=""6"" y=""20"" width=""5"" height=""7"" rx=""1"" fill=""#B6B2A6""/>'"
/home/user/MediaHub/src/mediahub/web/web.py,12847,hex6,#D4FF3A,unclassified,"        '<rect x=""13.5"" y=""9"" width=""5"" height=""18"" rx=""1"" fill=""#D4FF3A""/>'"
/home/user/MediaHub/src/mediahub/web/web.py,12848,hex6,#F4D58D,unclassified,"        '<rect x=""21"" y=""14"" width=""5"" height=""13"" rx=""1"" fill=""#F4D58D""/>'"
/home/user/MediaHub/src/mediahub/web/web.py,12849,hex6,#D4FF3A,unclassified,"        '<line x1=""4"" y1=""28.5"" x2=""28"" y2=""28.5"" stroke=""#D4FF3A"" stroke-width=""1.5""/>'"
/home/user/MediaHub/src/mediahub/web/web.py,12926,hex6,#0A0B11,unclassified,"            ""theme_color"": ""#0A0B11"","
/home/user/MediaHub/src/mediahub/web/web.py,12927,hex6,#0A0B11,unclassified,"            ""background_color"": ""#0A0B11"","
/home/user/MediaHub/src/mediahub/web/web.py,13236,hex6,#7a7a7a,unclassified,"        pill_color = ""#7a7a7a"""
/home/user/MediaHub/src/mediahub/web/web.py,13250,hex6,#ffaa3a,unclassified,"                pill_color = ""#ffaa3a"""
/home/user/MediaHub/src/mediahub/web/web.py,13253,hex6,#2cc97f,unclassified,"                pill_color = ""#2cc97f"""
/home/user/MediaHub/src/mediahub/web/web.py,13256,hex6,#ffaa3a,unclassified,"                pill_color = ""#ffaa3a"""
/home/user/MediaHub/src/mediahub/web/web.py,13259,hex6,#ff5d6c,unclassified,"                pill_color = ""#ff5d6c"""
/home/user/MediaHub/src/mediahub/web/web.py,13521,hex6,#2cc97f,unclassified,"            bar_color = ""#2cc97f"""
/home/user/MediaHub/src/mediahub/web/web.py,13523,hex6,#ffaa3a,inline_fstring,"                bar_color = ""#ffaa3a"""
/home/user/MediaHub/src/mediahub/web/web.py,13525,hex6,#ff5d6c,inline_fstring,"                bar_color = ""#ff5d6c"""
/home/user/MediaHub/src/mediahub/web/web.py,13962,hex6,#7a7a7a,unclassified,"        pill_color = ""#7a7a7a"""
/home/user/MediaHub/src/mediahub/web/web.py,13976,hex6,#ffaa3a,unclassified,"                pill_color = ""#ffaa3a"""
/home/user/MediaHub/src/mediahub/web/web.py,13979,hex6,#2cc97f,unclassified,"                pill_color = ""#2cc97f"""
/home/user/MediaHub/src/mediahub/web/web.py,13982,hex6,#ffaa3a,unclassified,"                pill_color = ""#ffaa3a"""
/home/user/MediaHub/src/mediahub/web/web.py,13985,hex6,#ff5d6c,unclassified,"                pill_color = ""#ff5d6c"""
/home/user/MediaHub/src/mediahub/web/web.py,14291,hex6,#2cc97f,unclassified,"            ""background:rgba(44,201,127,0.12);color:#2cc97f;font-size:12px;"""
/home/user/MediaHub/src/mediahub/web/web.py,16405,hex6,#FFB454,inline_html_style,"            '<strong style=""color:var(--warn,#FFB454)"">AI features unavailable.</strong> '"
/home/user/MediaHub/src/mediahub/web/web.py,16762,hex6,#0a0a0a,unclassified,"                'background:#0a0a0a;display:block"">'"
/home/user/MediaHub/src/mediahub/web/web.py,17482,hex6,#0a0a0a,inline_fstring,"                f'border:1px solid var(--border);background:#0a0a0a""/>'"
/home/user/MediaHub/src/mediahub/web/web.py,17861,hex6,#0A2540,unclassified,"                            ""#0A2540"","
/home/user/MediaHub/src/mediahub/web/web.py,17862,hex6,#A30D2D,unclassified,"                            ""#A30D2D"","
/home/user/MediaHub/src/mediahub/web/web.py,17867,hex6,#000000,unclassified,"                            ""#000000"","
/home/user/MediaHub/src/mediahub/web/web.py,17940,hex6,#0A2540,unclassified,"                            ""#0A2540"","
/home/user/MediaHub/src/mediahub/web/web.py,17941,hex6,#A30D2D,unclassified,"                            ""#A30D2D"","
/home/user/MediaHub/src/mediahub/web/web.py,17944,hex6,#000000,unclassified,"                        if pal.get(""secondary"") and existing.brand_secondary in ("""", ""#000000""):"
/home/user/MediaHub/src/mediahub/web/web.py,18027,hex6,#0A2540,unclassified,"                    request.form.get(""brand_primary"") or existing.brand_primary or ""#0A2540"""
/home/user/MediaHub/src/mediahub/web/web.py,18030,hex6,#000000,unclassified,"                    request.form.get(""brand_secondary"") or existing.brand_secondary or ""#000000"""
/home/user/MediaHub/src/mediahub/web/web.py,18298,hex6,#ffae3b,unclassified,"                ""warn"": ""#ffae3b"","
/home/user/MediaHub/src/mediahub/web/web.py,18299,hex6,#ff5d6c,unclassified,"                ""bad"": ""#ff5d6c"","
/home/user/MediaHub/src/mediahub/web/web.py,18459,hex6,#0A2540,unclassified,"        _org_pri = profile.brand_primary or ""#0A2540"""
/home/user/MediaHub/src/mediahub/web/web.py,18460,hex6,#000000,unclassified,"        _org_sec = profile.brand_secondary or ""#000000"""
/home/user/MediaHub/src/mediahub/web/web.py,18527,hex6,#127946,unclassified,"              placeholder=""Paste one caption per line&#10;e.g.&#10;Huge PB for the squad this weekend &mdash; 200 free g"
/home/user/MediaHub/src/mediahub/web/web.py,19152,hex6,#f87171,unclassified,"                ""payment_mismatch"": ""var(--bad, #f87171)"","
/home/user/MediaHub/src/mediahub/web/web.py,20351,hex6,#FFB454,inline_html_style,"                '<strong style=""color:var(--warn,#FFB454)"">AI features unavailable.</strong> '"
/home/user/MediaHub/src/mediahub/web/web.py,20515,hex6,#0a2540,unclassified,"                    (""primary"", ""Primary"", ""#0a2540""),"
/home/user/MediaHub/src/mediahub/web/web.py,20516,hex6,#1a1a1a,unclassified,"                    (""secondary"", ""Secondary"", ""#1a1a1a""),"
/home/user/MediaHub/src/mediahub/web/web.py,20517,hex6,#d4ff3a,unclassified,"                    (""accent"", ""Accent"", ""#d4ff3a""),"
/home/user/MediaHub/src/mediahub/web/web.py,20523,hex6,#ffffff,unclassified,"                _slot_default(""fourth"", ""#ffffff""),"
/home/user/MediaHub/src/mediahub/web/web.py,20752,hex6,#7A7869,unclassified,"                        f'color:var(--ink-muted,#7A7869)"">{_h(mime.split(""/"")[-1] or ""FILE"")}</div>'"
/home/user/MediaHub/src/mediahub/web/web.py,20791,hex6,#FF6B6B,inline_fstring,"                    f""color:#FF6B6B;border-radius:4px;cursor:pointer;"""
/home/user/MediaHub/src/mediahub/web/web.py,20882,hex6,#5EE39A,unclassified,"                ""var(--good, #5EE39A)"","
/home/user/MediaHub/src/mediahub/web/web.py,20888,hex6,#FFB454,unclassified,"                ""var(--warn, #FFB454)"","
/home/user/MediaHub/src/mediahub/web/web.py,20894,hex6,#FF6B6B,unclassified,"                ""var(--bad, #FF6B6B)"","
/home/user/MediaHub/src/mediahub/web/web.py,20900,hex6,#FFB454,unclassified,"                ""var(--warn, #FFB454)"","
/home/user/MediaHub/src/mediahub/web/web.py,20906,hex6,#FFB454,unclassified,"                ""var(--warn, #FFB454)"","
/home/user/MediaHub/src/mediahub/web/web.py,20912,hex6,#FF6B6B,unclassified,"                ""var(--bad, #FF6B6B)"","
/home/user/MediaHub/src/mediahub/web/web.py,20918,hex6,#B6B2A6,unclassified,"                ""var(--ink-dim, #B6B2A6)"","
/home/user/MediaHub/src/mediahub/web/web.py,20931,hex6,#B6B2A6,unclassified,"                    ""var(--ink-dim, #B6B2A6)"","
/home/user/MediaHub/src/mediahub/web/web.py,20952,hex6,#FFB454,inline_fstring,"                    f'font-size:11px;line-height:1.4;color:var(--warn,#FFB454)"">'"
/home/user/MediaHub/src/mediahub/web/web.py,20968,hex6,#B6B2A6,unclassified,"                        ""color:var(--ink-dim,#B6B2A6);border-radius:3px;cursor:pointer;"""
/home/user/MediaHub/src/mediahub/web/web.py,21032,hex6,#A30D2D,unclassified,"            _manual_pal.get(""primary"") or (prof.brand_primary if prof else """"), ""#A30D2D"""
/home/user/MediaHub/src/mediahub/web/web.py,21035,hex6,#1A1A1A,unclassified,"            _manual_pal.get(""secondary"") or (prof.brand_secondary if prof else """"), ""#1A1A1A"""
/home/user/MediaHub/src/mediahub/web/web.py,21037,hex6,#D4FF3A,unclassified,"        _m_accent = _safe_hex(_manual_pal.get(""accent"") or """", ""#D4FF3A"")"
/home/user/MediaHub/src/mediahub/web/web.py,21038,hex6,#F4D58D,unclassified,"        _m_fourth = _safe_hex(_manual_pal.get(""fourth"") or """", ""#F4D58D"")"
/home/user/MediaHub/src/mediahub/web/web.py,21159,hex6,#B6B2A6,unclassified,"                   color:var(--ink-dim,#B6B2A6)"">Optional</span>"
/home/user/MediaHub/src/mediahub/web/web.py,21363,hex6,#14171F,unclassified,"  background: var(--surface, var(--panel, #14171F));"
/home/user/MediaHub/src/mediahub/web/web.py,21374,hex6,#F5F2E8,unclassified,"  color: var(--ink, #F5F2E8);"
/home/user/MediaHub/src/mediahub/web/web.py,21381,hex6,#D4FF3A,unclassified,"  color: var(--lane, var(--accent, #D4FF3A));"
/home/user/MediaHub/src/mediahub/web/web.py,21384,hex6,#7A7869,unclassified,"  color: var(--ink-muted, var(--ink-dim, #7A7869));"
/home/user/MediaHub/src/mediahub/web/web.py,21390,hex6,#7A7869,unclassified,"  color: var(--ink-muted, var(--ink-dim, #7A7869));"
/home/user/MediaHub/src/mediahub/web/web.py,21403,hex6,#14171F,unclassified,"    var(--surface, var(--panel, #14171F));"
/home/user/MediaHub/src/mediahub/web/web.py,21404,hex6,#B6B2A6,unclassified,"  color: var(--ink-dim, var(--ink-muted, #B6B2A6));"
/home/user/MediaHub/src/mediahub/web/web.py,21408,hex6,#D4FF3A,unclassified,"  border-color: var(--lane, var(--accent, #D4FF3A));"
/home/user/MediaHub/src/mediahub/web/web.py,21409,hex6,#F5F2E8,unclassified,"  color: var(--ink, #F5F2E8);"
/home/user/MediaHub/src/mediahub/web/web.py,21412,hex6,#D4FF3A,unclassified,"  border-color: var(--lane, var(--accent, #D4FF3A));"
/home/user/MediaHub/src/mediahub/web/web.py,21414,hex6,#F5F2E8,unclassified,"  color: var(--ink, #F5F2E8);"
/home/user/MediaHub/src/mediahub/web/web.py,21416,hex6,#F5F2E8,unclassified,".mh-drop-zone-inner strong {{ color: var(--ink, #F5F2E8); font-weight: 600; }}"
/home/user/MediaHub/src/mediahub/web/web.py,21423,hex6,#D4FF3A,unclassified,"  border-color: var(--lane, var(--accent, #D4FF3A));"
/home/user/MediaHub/src/mediahub/web/web.py,21713,hex6,#0A2540,unclassified,"            if pal.get(""primary"") and prof.brand_primary in ("""", ""#0A2540"", ""#A30D2D""):"
/home/user/MediaHub/src/mediahub/web/web.py,21713,hex6,#A30D2D,unclassified,"            if pal.get(""primary"") and prof.brand_primary in ("""", ""#0A2540"", ""#A30D2D""):"
/home/user/MediaHub/src/mediahub/web/web.py,21715,hex6,#000000,unclassified,"            if pal.get(""secondary"") and prof.brand_secondary in ("""", ""#000000""):"
/home/user/MediaHub/src/mediahub/web/web.py,23880,hex6,#0A2540,unclassified,"        primary = rk.get(""primary_colour"") or ""#0A2540"""
/home/user/MediaHub/src/mediahub/web/web.py,23881,hex6,#000000,unclassified,"        secondary = rk.get(""secondary_colour"") or ""#000000"""
/home/user/MediaHub/src/mediahub/web/web.py,23882,hex6,#FFD86E,unclassified,"        accent = rk.get(""accent_colour"") or ""#FFD86E"""
/home/user/MediaHub/src/mediahub/web/web.py,25426,hex6,#0A2540,unclassified,"        primary = getattr(kit, ""primary_colour"", None) or ""#0A2540"""
/home/user/MediaHub/src/mediahub/web/web.py,25452,hex6,#0c1118,unclassified,"  body{{margin:0;background:#0c1118;color:#e8edf4;font:15px/1.5 system-ui,sans-serif}}"
/home/user/MediaHub/src/mediahub/web/web.py,25452,hex6,#e8edf4,unclassified,"  body{{margin:0;background:#0c1118;color:#e8edf4;font:15px/1.5 system-ui,sans-serif}}"
/home/user/MediaHub/src/mediahub/web/web.py,25455,hex6,#93a1b3,unclassified,  header p{{margin:4px 0 16px;color:#93a1b3}}
/home/user/MediaHub/src/mediahub/web/web.py,25457,hex6,#131a24,unclassified,  .wall-card{{margin:0;background:#131a24;border:1px solid #233042;border-radius:12px;overflow:hidden}}
/home/user/MediaHub/src/mediahub/web/web.py,25457,hex6,#233042,unclassified,  .wall-card{{margin:0;background:#131a24;border:1px solid #233042;border-radius:12px;overflow:hidden}}
/home/user/MediaHub/src/mediahub/web/web.py,25461,hex6,#93a1b3,unclassified,  .wall-card .meet{{color:#93a1b3;font-size:12px;margin-top:2px}}
/home/user/MediaHub/src/mediahub/web/web.py,25462,hex6,#93a1b3,unclassified,  .empty{{padding:48px 24px;color:#93a1b3;text-align:center}}
/home/user/MediaHub/src/mediahub/web/web.py,25463,hex6,#93a1b3,unclassified,  .powered{{display:block;text-align:center;padding:18px;color:#93a1b3;font-size:12px}}
/home/user/MediaHub/src/mediahub/web/web.py,25464,hex6,#e8edf4,unclassified,  .powered a{{color:#e8edf4;text-decoration:none;font-weight:600}}
/home/user/MediaHub/src/mediahub/web/web.py,28035,hex6,#0A2540,unclassified,"            ""primary"": getattr(prof, ""brand_primary"", ""#0A2540"") if prof else ""#0A2540"","
/home/user/MediaHub/src/mediahub/web/web.py,28035,hex6,#0A2540,unclassified,"            ""primary"": getattr(prof, ""brand_primary"", ""#0A2540"") if prof else ""#0A2540"","
/home/user/MediaHub/src/mediahub/web/web.py,28036,hex6,#000000,unclassified,"            ""secondary"": getattr(prof, ""brand_secondary"", ""#000000"") if prof else ""#000000"","
/home/user/MediaHub/src/mediahub/web/web.py,28036,hex6,#000000,unclassified,"            ""secondary"": getattr(prof, ""brand_secondary"", ""#000000"") if prof else ""#000000"","
/home/user/MediaHub/src/mediahub/web/web.py,28195,hex6,#0A0B11,unclassified,  body {{ margin:0; padding:14px; background:#0A0B11; color:#F5F2E8;
/home/user/MediaHub/src/mediahub/web/web.py,28195,hex6,#F5F2E8,unclassified,  body {{ margin:0; padding:14px; background:#0A0B11; color:#F5F2E8;
/home/user/MediaHub/src/mediahub/web/web.py,28198,hex6,#9a968c,unclassified,  .sub {{ color:#9a968c; font-size:13px; margin:0 0 14px; }}
/home/user/MediaHub/src/mediahub/web/web.py,28199,hex6,#2a2c36,unclassified,  .card {{ border:1px solid #2a2c36; border-radius:12px; padding:14px; margin-bottom:14px; background:#11131c; }}
/home/user/MediaHub/src/mediahub/web/web.py,28199,hex6,#11131c,unclassified,  .card {{ border:1px solid #2a2c36; border-radius:12px; padding:14px; margin-bottom:14px; background:#11131c; }}
/home/user/MediaHub/src/mediahub/web/web.py,28200,hex6,#7a2733,unclassified,  .card.is-blocked {{ opacity:0.75; border-color:#7a2733; }}
/home/user/MediaHub/src/mediahub/web/web.py,28202,hex6,#9a968c,unclassified,  .evt {{ color:#9a968c; font-size:12px; }}
/home/user/MediaHub/src/mediahub/web/web.py,28205,hex6,#2e7d32,unclassified,  .pill.ok {{ border-color:#2e7d32; color:#7bd88a; }}
/home/user/MediaHub/src/mediahub/web/web.py,28205,hex6,#7bd88a,unclassified,  .pill.ok {{ border-color:#2e7d32; color:#7bd88a; }}
/home/user/MediaHub/src/mediahub/web/web.py,28206,hex6,#ff8a80,unclassified,  .pill.bad {{ border-color:#a33; color:#ff8a80; }}
/home/user/MediaHub/src/mediahub/web/web.py,28207,hex6,#b8860b,unclassified,  .pill.warn {{ border-color:#b8860b; color:#ffd54f; }}
/home/user/MediaHub/src/mediahub/web/web.py,28207,hex6,#ffd54f,unclassified,  .pill.warn {{ border-color:#b8860b; color:#ffd54f; }}
/home/user/MediaHub/src/mediahub/web/web.py,28208,hex6,#ff8a80,unclassified,  .blocked {{ color:#ff8a80; font-size:13px; }}
/home/user/MediaHub/src/mediahub/web/web.py,28209,hex6,#0A0B11,unclassified,  textarea {{ width:100%; background:#0A0B11; color:#F5F2E8; border:1px solid #2a2c36;
/home/user/MediaHub/src/mediahub/web/web.py,28209,hex6,#F5F2E8,unclassified,  textarea {{ width:100%; background:#0A0B11; color:#F5F2E8; border:1px solid #2a2c36;
/home/user/MediaHub/src/mediahub/web/web.py,28209,hex6,#2a2c36,unclassified,  textarea {{ width:100%; background:#0A0B11; color:#F5F2E8; border:1px solid #2a2c36;
/home/user/MediaHub/src/mediahub/web/web.py,28212,hex6,#2a2c36,unclassified,  button {{ flex:1; min-height:48px; border-radius:10px; border:1px solid #2a2c36;
/home/user/MediaHub/src/mediahub/web/web.py,28214,hex6,#1d4d27,unclassified,  .approve {{ background:#1d4d27; color:#c9f0cf; border-color:#2e7d32; }}
/home/user/MediaHub/src/mediahub/web/web.py,28214,hex6,#c9f0cf,unclassified,  .approve {{ background:#1d4d27; color:#c9f0cf; border-color:#2e7d32; }}
/home/user/MediaHub/src/mediahub/web/web.py,28214,hex6,#2e7d32,unclassified,  .approve {{ background:#1d4d27; color:#c9f0cf; border-color:#2e7d32; }}
/home/user/MediaHub/src/mediahub/web/web.py,28215,hex6,#1c2433,unclassified,  .save {{ background:#1c2433; color:#cfe0ff; }}
/home/user/MediaHub/src/mediahub/web/web.py,28215,hex6,#cfe0ff,unclassified,  .save {{ background:#1c2433; color:#cfe0ff; }}
/home/user/MediaHub/src/mediahub/web/web.py,28216,hex6,#33161b,unclassified,  .reject {{ background:#33161b; color:#ffc4be; border-color:#7a2733; }}
/home/user/MediaHub/src/mediahub/web/web.py,28216,hex6,#ffc4be,unclassified,  .reject {{ background:#33161b; color:#ffc4be; border-color:#7a2733; }}
/home/user/MediaHub/src/mediahub/web/web.py,28216,hex6,#7a2733,unclassified,  .reject {{ background:#33161b; color:#ffc4be; border-color:#7a2733; }}
/home/user/MediaHub/src/mediahub/web/web.py,28218,hex6,#1d4d27,unclassified,  .flash {{ background:#1d4d27; border:1px solid #2e7d32; padding:10px 12px; border-radius:8px; }}
/home/user/MediaHub/src/mediahub/web/web.py,28218,hex6,#2e7d32,unclassified,  .flash {{ background:#1d4d27; border:1px solid #2e7d32; padding:10px 12px; border-radius:8px; }}
/home/user/MediaHub/src/mediahub/web/web.py,28219,hex6,#9a968c,unclassified,  .done {{ color:#9a968c; font-size:13px; text-align:center; margin:20px 0; }}
/home/user/MediaHub/src/mediahub/web/web.py,28237,hex6,#0A0B11,inline_fstring,"                f""<body style='font-family:system-ui;background:#0A0B11;color:#F5F2E8;"""
/home/user/MediaHub/src/mediahub/web/web.py,28237,hex6,#F5F2E8,inline_fstring,"                f""<body style='font-family:system-ui;background:#0A0B11;color:#F5F2E8;"""
/home/user/MediaHub/src/mediahub/web/web.py,28238,hex6,#128274,inline_fstring,"                f""padding:32px 18px;text-align:center'><h1>&#128274;</h1>"""
/home/user/MediaHub/src/mediahub/web/web.py,28373,hex6,#0A2540,unclassified,"            ""primary"": getattr(prof, ""brand_primary"", ""#0A2540"") if prof else ""#0A2540"","
/home/user/MediaHub/src/mediahub/web/web.py,28373,hex6,#0A2540,unclassified,"            ""primary"": getattr(prof, ""brand_primary"", ""#0A2540"") if prof else ""#0A2540"","
/home/user/MediaHub/src/mediahub/web/web.py,28374,hex6,#000000,unclassified,"            ""secondary"": getattr(prof, ""brand_secondary"", ""#000000"") if prof else ""#000000"","
/home/user/MediaHub/src/mediahub/web/web.py,28374,hex6,#000000,unclassified,"            ""secondary"": getattr(prof, ""brand_secondary"", ""#000000"") if prof else ""#000000"","
/home/user/MediaHub/src/mediahub/web/web.py,720,hex4,#9662,unclassified,"        '<span class=""why-chev"" aria-hidden=""true"">&#9662;</span></span>'"
/home/user/MediaHub/src/mediahub/web/web.py,729,hex4,#9432,inline_fstring,"        f'<span aria-hidden=""true"">&#9432;</span> {_summary_label}</summary>'"
/home/user/MediaHub/src/mediahub/web/web.py,9632,hex4,#8635,unclassified,"                onclick=""mhCyclePalette()"" title=""Rotate primary &rarr; secondary &rarr; accent"">&#8635; Swap colour ord"
/home/user/MediaHub/src/mediahub/web/web.py,20626,hex4,#9664,unclassified,"                    _left = _arrow(_i, _i - 1, ""&#9664;"", ""left"", _role, _i == 0)"
/home/user/MediaHub/src/mediahub/web/web.py,20627,hex4,#9654,unclassified,"                    _right = _arrow(_i, _i + 1, ""&#9654;"", ""right"", _role, _i == _n - 1)"
/home/user/MediaHub/src/mediahub/web/web.py,20659,hex4,#8635,inline_html_style,"            style=""font-size:12px;padding:9px 14px"">&#8635; Cycle colours</button>"
/home/user/MediaHub/src/mediahub/web/web.py,28163,hex4,#9888,unclassified,"                f'<p class=""blocked"">&#9888; {_h(consent.get(""reason"") or ""blocked: no consent on file"")}</p>'"
/home/user/MediaHub/src/mediahub/web/web.py,2826,hex3,#000,inline_html_style,"            '<video src=""' + url + '"" controls playsinline style=""width:100%;border-radius:6px;border:1px solid var(--bo"
/home/user/MediaHub/src/mediahub/web/web.py,2883,hex3,#000,inline_html_style,"          '<video src=""' + videoUrl + '"" controls playsinline style=""width:100%;border-radius:6px;border:1px solid var(-"
/home/user/MediaHub/src/mediahub/web/web.py,4982,hex3,#106,unclassified,"     sets font-size / padding / background directly, and PR #106's"
/home/user/MediaHub/src/mediahub/web/web.py,6988,hex3,#fff,unclassified,"                   background:#fff;border:1px solid rgba(245,242,232,0.20)"">"
/home/user/MediaHub/src/mediahub/web/web.py,22580,hex3,#ccc,shadow_alpha,  .card {{ border: 1px solid #ccc; box-shadow: none; }}
/home/user/MediaHub/src/mediahub/web/web.py,23791,hex3,#000,inline_html_style,"          '<video src=""' + videoUrl + '"" controls playsinline style=""width:100%;border-radius:6px;border:1px solid var(-"
/home/user/MediaHub/src/mediahub/web/web.py,28204,hex3,#444,unclassified,  .pill {{ font-size:11px; padding:3px 10px; border-radius:999px; border:1px solid #444; }}
/home/user/MediaHub/src/mediahub/web/web.py,28206,hex3,#a33,unclassified,  .pill.bad {{ border-color:#a33; color:#ff8a80; }}
/home/user/MediaHub/src/mediahub/web/web.py,592,rgba,"rgba(212,255,58,0.05)",inline_fstring,"            f""background:rgba(212,255,58,0.05);font-family:ui-monospace,Menlo,monospace;font-size:12px;"""
/home/user/MediaHub/src/mediahub/web/web.py,628,rgba,"rgba(212,255,58,0.06)",inline_html_style,"            '<div style=""margin:8px 0 10px 0;padding:8px 10px;background:rgba(212,255,58,0.06);'"
/home/user/MediaHub/src/mediahub/web/web.py,726,rgba,"rgba(212,255,58,0.06)",inline_fstring,"        'background:rgba(212,255,58,0.06);border:1px solid rgba(212,255,58,0.25);border-radius:8px"">'"
/home/user/MediaHub/src/mediahub/web/web.py,726,rgba,"rgba(212,255,58,0.25)",inline_fstring,"        'background:rgba(212,255,58,0.06);border:1px solid rgba(212,255,58,0.25);border-radius:8px"">'"
/home/user/MediaHub/src/mediahub/web/web.py,766,rgba,"rgba(212,255,58,0.15)",inline_fstring,"        f'background:rgba(212,255,58,0.15);border-color:rgba(212,255,58,0.40);color:var(--lane)"" '"
/home/user/MediaHub/src/mediahub/web/web.py,766,rgba,"rgba(212,255,58,0.40)",inline_fstring,"        f'background:rgba(212,255,58,0.15);border-color:rgba(212,255,58,0.40);color:var(--lane)"" '"
/home/user/MediaHub/src/mediahub/web/web.py,773,rgba,"rgba(212,255,58,0.04)",inline_fstring,"        f""background:rgba(212,255,58,0.04);border:1px dashed rgba(212,255,58,0.30);"""
/home/user/MediaHub/src/mediahub/web/web.py,773,rgba,"rgba(212,255,58,0.30)",inline_fstring,"        f""background:rgba(212,255,58,0.04);border:1px dashed rgba(212,255,58,0.30);"""
/home/user/MediaHub/src/mediahub/web/web.py,1225,rgba,"rgba(255,255,255,0.04)",inline_html_style,"      style=""width:100%;padding:12px;border-radius:10px;border:1px solid var(--border);background:rgba(255,255,255,0.04)"
/home/user/MediaHub/src/mediahub/web/web.py,1279,rgba,"rgba(94,227,154,0.15)",unclassified,"          b.style.cssText = 'margin-left:8px;font-size:11px;padding:1px 7px;border-radius:999px;background:rgba(94,227,1"
/home/user/MediaHub/src/mediahub/web/web.py,1279,rgba,"rgba(94,227,154,0.35)",unclassified,"          b.style.cssText = 'margin-left:8px;font-size:11px;padding:1px 7px;border-radius:999px;background:rgba(94,227,1"
/home/user/MediaHub/src/mediahub/web/web.py,1928,rgba,"rgba(8,12,20,0.72)",inline_html_style,"     style=""display:none;position:fixed;inset:0;z-index:9999;background:rgba(8,12,20,0.72);"
/home/user/MediaHub/src/mediahub/web/web.py,1953,rgba,"rgba(255,255,255,0.04)",unclassified,"               border-radius:8px;background:rgba(255,255,255,0.04);"
/home/user/MediaHub/src/mediahub/web/web.py,1962,rgba,"rgba(255,255,255,0.04)",unclassified,"                    background:rgba(255,255,255,0.04);color:inherit;font-family:inherit""/>"
/home/user/MediaHub/src/mediahub/web/web.py,2148,rgba,"rgba(255,255,255,0.04)",inline_fstring,"          +     'border-radius:6px;background:rgba(255,255,255,0.04);color:inherit;font-family:inherit""/>'"
/home/user/MediaHub/src/mediahub/web/web.py,2326,rgba,"rgba(212,255,58,0.15)",unclassified,"      tab.style.background = tab.classList.contains('tone-tab-ai') ? 'rgba(212,255,58,0.15)' : 'rgba(212,255,58,0.15)';"
/home/user/MediaHub/src/mediahub/web/web.py,2326,rgba,"rgba(212,255,58,0.15)",unclassified,"      tab.style.background = tab.classList.contains('tone-tab-ai') ? 'rgba(212,255,58,0.15)' : 'rgba(212,255,58,0.15)';"
/home/user/MediaHub/src/mediahub/web/web.py,2353,rgba,"rgba(212,255,58,0.15)",unclassified,"      tab.style.background = tab.classList.contains('tone-tab-ai') ? 'rgba(212,255,58,0.15)' : 'rgba(212,255,58,0.15)';"
/home/user/MediaHub/src/mediahub/web/web.py,2353,rgba,"rgba(212,255,58,0.15)",unclassified,"      tab.style.background = tab.classList.contains('tone-tab-ai') ? 'rgba(212,255,58,0.15)' : 'rgba(212,255,58,0.15)';"
/home/user/MediaHub/src/mediahub/web/web.py,2410,rgba,"rgba(255,174,59,0.06)",inline_html_style,"          captionDiv.innerHTML = '<div style=""padding:10px;border:1px dashed var(--border);border-radius:6px;background:"
/home/user/MediaHub/src/mediahub/web/web.py,2420,rgba,"rgba(212,255,58,0.20)",inline_html_style,"          captionDiv.innerHTML = '<div style=""padding:10px;border:1px solid rgba(212,255,58,0.20);border-radius:6px;back"
/home/user/MediaHub/src/mediahub/web/web.py,2420,rgba,"rgba(212,255,58,0.04)",inline_html_style,"          captionDiv.innerHTML = '<div style=""padding:10px;border:1px solid rgba(212,255,58,0.20);border-radius:6px;back"
/home/user/MediaHub/src/mediahub/web/web.py,2429,rgba,"rgba(245,158,11,0.08)",inline_html_style,"        fallbackNote = '<div style=""margin-top:4px;font-size:10px;color:var(--warn);padding:4px 8px;background:rgba(245,"
/home/user/MediaHub/src/mediahub/web/web.py,2441,rgba,"rgba(212,255,58,0.14)",inline_html_style,"              return '<button type=""button"" class=""cap-var-pill"" data-idx=""' + i + '"" style=""font-size:10px;padding:3px "
/home/user/MediaHub/src/mediahub/web/web.py,2457,rgba,"rgba(212,255,58,0.03)",unclassified,        cyBox.style.cssText = 'margin-top:8px;padding:8px 10px;border:1px solid var(--border);border-radius:6px;backgrou
/home/user/MediaHub/src/mediahub/web/web.py,2625,rgba,"rgba(212,255,58,0.30)",inline_html_style,"    '<div style=""width:24px;height:24px;border:2px solid rgba(212,255,58,0.30);border-top-color:var(--lane);border-radiu"
/home/user/MediaHub/src/mediahub/web/web.py,2719,rgba,"rgba(212,255,58,0.15)",inline_html_style,"    return '<button class=""vfmt-tab"" data-fmt=""' + f + '"" onclick=' + _attrEsc('createGraphic(this, ' + JSON.stringify(c"
/home/user/MediaHub/src/mediahub/web/web.py,2731,rgba,"rgba(212,255,58,0.12)",inline_html_style,"    return '<button type=""button"" onclick=' + _attrEsc(oc) + ' style=""font-size:11px;padding:3px 9px;border-radius:6px;c"
/home/user/MediaHub/src/mediahub/web/web.py,2799,rgba,"rgba(244,213,141,0.30)",inline_html_style,"    '<div style=""width:24px;height:24px;border:2px solid rgba(244,213,141,0.30);border-top-color:var(--medal);border-rad"
/home/user/MediaHub/src/mediahub/web/web.py,2871,rgba,"rgba(244,213,141,0.30)",inline_html_style,"    '<div style=""width:24px;height:24px;border:2px solid rgba(244,213,141,0.30);border-top-color:var(--medal);border-rad"
/home/user/MediaHub/src/mediahub/web/web.py,2940,rgba,"rgba(212,255,58,0.30)",inline_html_style,"      '<div style=""width:24px;height:24px;border:2px solid rgba(212,255,58,0.30);border-top-color:var(--lane);border-rad"
/home/user/MediaHub/src/mediahub/web/web.py,3008,rgba,"rgba(212,255,58,0.04)",inline_html_style,"      '<div class=""variant-tile"" style=""flex:1;min-width:160px;background:rgba(212,255,58,0.04);border:1px solid var(--b"
/home/user/MediaHub/src/mediahub/web/web.py,3121,rgba,"rgba(212,255,58,0.15)",unclassified,"            ""rgba(212,255,58,0.15)"","
/home/user/MediaHub/src/mediahub/web/web.py,3130,rgba,"rgba(212,255,58,0.15)",unclassified,"            ""rgba(212,255,58,0.15)"","
/home/user/MediaHub/src/mediahub/web/web.py,3139,rgba,"rgba(212,255,58,0.15)",unclassified,"            ""rgba(212,255,58,0.15)"","
/home/user/MediaHub/src/mediahub/web/web.py,3148,rgba,"rgba(212,255,58,0.15)",unclassified,"            ""rgba(212,255,58,0.15)"","
/home/user/MediaHub/src/mediahub/web/web.py,3190,rgba,"rgba(212,255,58,0.04)",inline_fstring,"        f'<div class=""tone-picker"" id=""wf-{card_uuid}"" data-caption-url=""{_h(_caption_url)}"" data-card=""{card_uuid}"" sty"
/home/user/MediaHub/src/mediahub/web/web.py,3203,rgba,"rgba(255,255,255,0.02)",inline_fstring,"        f'<div class=""assist-row"" data-card=""{card_uuid}"" style=""display:none;margin-top:8px;padding:8px 10px;background"
/home/user/MediaHub/src/mediahub/web/web.py,3210,rgba,"rgba(255,255,255,0.04)",inline_fstring,"        f'<input class=""assist-custom"" type=""text"" maxlength=""140"" placeholder=""or type a change&hellip;"" aria-label=""Cu"
/home/user/MediaHub/src/mediahub/web/web.py,3215,rgba,"rgba(212,255,58,0.04)",inline_fstring,"        f'<div class=""visual-panel"" data-card=""{card_uuid}"" data-create-url=""{_h(_create_graphic_url)}"" style=""display:n"
/home/user/MediaHub/src/mediahub/web/web.py,3216,rgba,"rgba(244,213,141,0.04)",inline_fstring,"        f'<div class=""motion-panel"" data-card=""{card_uuid}"" data-motion-url=""{_h(_motion_url)}"" style=""display:none;marg"
/home/user/MediaHub/src/mediahub/web/web.py,3306,rgba,"rgba(212,255,58,0.30)",inline_html_style,"  status.innerHTML = '<span style=""display:inline-block;width:14px;height:14px;border:2px solid rgba(212,255,58,0.30);bo"
/home/user/MediaHub/src/mediahub/web/web.py,3892,rgba,"rgba(245,242,232,0.06)",token_definition,"  --hairline:  var(--mh-outline-variant);     /* rgba(245,242,232,0.06) */"
/home/user/MediaHub/src/mediahub/web/web.py,3893,rgba,"rgba(245,242,232,0.10)",token_definition,"  --rule:      var(--mh-outline-rule);        /* rgba(245,242,232,0.10) */"
/home/user/MediaHub/src/mediahub/web/web.py,3894,rgba,"rgba(245,242,232,0.14)",token_definition,"  --chrome:    var(--mh-outline);             /* rgba(245,242,232,0.14) */"
/home/user/MediaHub/src/mediahub/web/web.py,3912,rgba,"rgba(212,255,58,0.35)",token_definition,"  --lane-glow: rgba(212,255,58,0.35);"
/home/user/MediaHub/src/mediahub/web/web.py,3921,rgba,"rgba(244,213,141,0.30)",token_definition,"  --medal-glow:   rgba(244,213,141,0.30);"
/home/user/MediaHub/src/mediahub/web/web.py,3926,rgba,"rgba(77,163,255,0.10)",token_definition,"  --info-bg:   rgba(77,163,255,0.10);"
/home/user/MediaHub/src/mediahub/web/web.py,3930,rgba,"rgba(94,227,154,0.10)",token_definition,"  --good-bg:   rgba(94,227,154,0.10);"
/home/user/MediaHub/src/mediahub/web/web.py,3932,rgba,"rgba(255,180,84,0.10)",token_definition,"  --warn-bg:   rgba(255,180,84,0.10);"
/home/user/MediaHub/src/mediahub/web/web.py,3934,rgba,"rgba(255,107,107,0.10)",token_definition,"  --bad-bg:    rgba(255,107,107,0.10);"
/home/user/MediaHub/src/mediahub/web/web.py,3994,rgba,"rgba(245,242,232,0.04)",gradient_stop,"    radial-gradient(1400px 600px at 50% -10%, rgba(245,242,232,0.04), transparent 70%),"
/home/user/MediaHub/src/mediahub/web/web.py,3996,rgba,"rgba(245,242,232,0.022)",gradient_stop,"    linear-gradient(rgba(245,242,232,0.022) 1px, transparent 1px) 0 0 / 40px 40px,"
/home/user/MediaHub/src/mediahub/web/web.py,3997,rgba,"rgba(245,242,232,0.022)",gradient_stop,"    linear-gradient(90deg, rgba(245,242,232,0.022) 1px, transparent 1px) 0 0 / 40px 40px,"
/home/user/MediaHub/src/mediahub/web/web.py,4028,rgba,"rgba(10,11,17,0.92)",unclassified,"  background: rgba(10,11,17,0.92);"
/home/user/MediaHub/src/mediahub/web/web.py,4372,rgba,"rgba(245,242,232,0.04)",unclassified,"  background: rgba(245,242,232,0.04);"
/home/user/MediaHub/src/mediahub/web/web.py,4380,rgba,"rgba(255,107,107,0.30)",unclassified,".btn.danger { background: transparent; color: var(--bad); border: 1px solid rgba(255,107,107,0.30); }"
/home/user/MediaHub/src/mediahub/web/web.py,4387,rgba,"rgba(61,220,151,0.45)",unclassified,".btn.mh-wf-approve { border-color: rgba(61,220,151,0.45); color: var(--good); }"
/home/user/MediaHub/src/mediahub/web/web.py,4388,rgba,"rgba(61,220,151,0.08)",shadow_alpha,".btn.mh-wf-approve:hover { border-color: var(--good); background: rgba(61,220,151,0.08); box-shadow: none; }"
/home/user/MediaHub/src/mediahub/web/web.py,4421,rgba,"rgba(255,255,255,0.015)",unclassified,"table tbody tr:nth-child(odd) { background: rgba(255,255,255,0.015); }"
/home/user/MediaHub/src/mediahub/web/web.py,4422,rgba,"rgba(255,255,255,0.03)",unclassified,"table tbody tr:hover { background: rgba(255,255,255,0.03); }"
/home/user/MediaHub/src/mediahub/web/web.py,4433,rgba,"rgba(245,242,232,0.04)",unclassified,"  background: rgba(245,242,232,0.04);"
/home/user/MediaHub/src/mediahub/web/web.py,4439,rgba,"rgba(212,255,58,0.10)",unclassified,".tag.lane  { background: rgba(212,255,58,0.10); color: var(--lane);  border-color: rgba(212,255,58,0.40); }"
/home/user/MediaHub/src/mediahub/web/web.py,4439,rgba,"rgba(212,255,58,0.40)",unclassified,".tag.lane  { background: rgba(212,255,58,0.10); color: var(--lane);  border-color: rgba(212,255,58,0.40); }"
/home/user/MediaHub/src/mediahub/web/web.py,4440,rgba,"rgba(212,255,58,0.10)",unclassified,".tag.live  { background: rgba(212,255,58,0.10); color: var(--lane);  border-color: rgba(212,255,58,0.50); }"
/home/user/MediaHub/src/mediahub/web/web.py,4440,rgba,"rgba(212,255,58,0.50)",unclassified,".tag.live  { background: rgba(212,255,58,0.10); color: var(--lane);  border-color: rgba(212,255,58,0.50); }"
/home/user/MediaHub/src/mediahub/web/web.py,4449,rgba,"rgba(94,227,154,0.30)",unclassified,".tag.good  { background: var(--good-bg);  color: var(--good); border-color: rgba(94,227,154,0.30); }"
/home/user/MediaHub/src/mediahub/web/web.py,4450,rgba,"rgba(255,180,84,0.30)",unclassified,".tag.warn  { background: var(--warn-bg);  color: var(--warn); border-color: rgba(255,180,84,0.30); }"
/home/user/MediaHub/src/mediahub/web/web.py,4451,rgba,"rgba(255,107,107,0.30)",unclassified,".tag.bad   { background: var(--bad-bg);   color: var(--bad);  border-color: rgba(255,107,107,0.30); }"
/home/user/MediaHub/src/mediahub/web/web.py,4452,rgba,"rgba(77,163,255,0.30)",unclassified,".tag.info  { background: var(--info-bg);  color: var(--info); border-color: rgba(77,163,255,0.30); }"
/home/user/MediaHub/src/mediahub/web/web.py,4453,rgba,"rgba(244,213,141,0.10)",unclassified,".tag.medal { background: rgba(244,213,141,0.10); color: var(--medal); border-color: rgba(244,213,141,0.40); }"
/home/user/MediaHub/src/mediahub/web/web.py,4453,rgba,"rgba(244,213,141,0.40)",unclassified,".tag.medal { background: rgba(244,213,141,0.10); color: var(--medal); border-color: rgba(244,213,141,0.40); }"
/home/user/MediaHub/src/mediahub/web/web.py,4459,rgba,"rgba(244,213,141,0.10)",unclassified,".tag.gold { background: rgba(244,213,141,0.10); color: var(--medal); border-color: rgba(244,213,141,0.40); }"
/home/user/MediaHub/src/mediahub/web/web.py,4459,rgba,"rgba(244,213,141,0.40)",unclassified,".tag.gold { background: rgba(244,213,141,0.10); color: var(--medal); border-color: rgba(244,213,141,0.40); }"
/home/user/MediaHub/src/mediahub/web/web.py,4507,rgba,"rgba(245,242,232,0.025)",unclassified,"  background: rgba(245,242,232,0.025); color: var(--ink);"
/home/user/MediaHub/src/mediahub/web/web.py,4521,rgba,"rgba(212,255,58,0.18)",shadow_alpha,"  box-shadow: 0 0 0 2px rgba(212,255,58,0.18);"
/home/user/MediaHub/src/mediahub/web/web.py,4522,rgba,"rgba(245,242,232,0.04)",unclassified,"  background: rgba(245,242,232,0.04);"
/home/user/MediaHub/src/mediahub/web/web.py,4559,rgba,"rgba(245,242,232,0.04)",unclassified,"  background: rgba(245,242,232,0.04); border-color: var(--chrome);"
/home/user/MediaHub/src/mediahub/web/web.py,4632,rgba,"rgba(0,0,0,0.3)",unclassified,"  background: rgba(0,0,0,0.3); color: #9EB3C8;"
/home/user/MediaHub/src/mediahub/web/web.py,4639,rgba,"rgba(255,255,255,0.05)",unclassified,"code, pre { font-family: ui-monospace, 'SF Mono', Menlo, monospace; background: rgba(255,255,255,0.05); padding: 2px 7px"
/home/user/MediaHub/src/mediahub/web/web.py,4687,rgba,"rgba(11,18,32,0.78)",unclassified,"  background: rgba(11,18,32,0.78);"
/home/user/MediaHub/src/mediahub/web/web.py,4746,rgba,"rgba(0,0,0,0.5)",shadow_alpha,"  box-shadow: 0 12px 36px rgba(0,0,0,0.5);"
/home/user/MediaHub/src/mediahub/web/web.py,4752,rgba,"rgba(34,197,94,0.45)",unclassified,".mh-toast.success { border-color: rgba(34,197,94,0.45); }"
/home/user/MediaHub/src/mediahub/web/web.py,4753,rgba,"rgba(244,63,94,0.45)",unclassified,".mh-toast.error   { border-color: rgba(244,63,94,0.45); }"
/home/user/MediaHub/src/mediahub/web/web.py,4754,rgba,"rgba(212,255,58,0.45)",unclassified,".mh-toast.info    { border-color: rgba(212,255,58,0.45); }"
/home/user/MediaHub/src/mediahub/web/web.py,4842,rgba,"rgba(212,255,58,0.30)",unclassified,".mh-card-actions button.primary { color: var(--lane); border-color: rgba(212,255,58,0.30); }"
/home/user/MediaHub/src/mediahub/web/web.py,4843,rgba,"rgba(212,255,58,0.08)",unclassified,".mh-card-actions button.primary:hover { background: rgba(212,255,58,0.08); border-color: var(--lane); }"
/home/user/MediaHub/src/mediahub/web/web.py,4899,rgba,"rgba(212,255,58,0.05)",unclassified,"  background: rgba(212,255,58,0.05);"
/home/user/MediaHub/src/mediahub/web/web.py,4992,rgba,"rgba(10,11,17,0.85)",shadow_alpha,"    box-shadow: -8px 0 12px -8px rgba(10,11,17,0.85);"
/home/user/MediaHub/src/mediahub/web/web.py,5067,rgba,"rgba(212,255,58,0.08)",unclassified,"  background: rgba(212,255,58,0.08);"
/home/user/MediaHub/src/mediahub/web/web.py,5068,rgba,"rgba(212,255,58,0.20)",unclassified,"  border: 1px solid rgba(212,255,58,0.20);"
/home/user/MediaHub/src/mediahub/web/web.py,5078,rgba,"rgba(34,197,94,0.6)",shadow_alpha,"  box-shadow: 0 0 8px rgba(34,197,94,0.6);"
/home/user/MediaHub/src/mediahub/web/web.py,5195,rgba,"rgba(245,242,232,0.025)",unclassified,"  background: rgba(245,242,232,0.025);"
/home/user/MediaHub/src/mediahub/web/web.py,5257,rgba,"rgba(245,242,232,0.025)",gradient_stop,"    linear-gradient(rgba(245,242,232,0.025) 1px, transparent 1px) 0 0 / 100% 64px,"
/home/user/MediaHub/src/mediahub/web/web.py,5258,rgba,"rgba(245,242,232,0.018)",gradient_stop,"    linear-gradient(90deg, rgba(245,242,232,0.018) 1px, transparent 1px) 0 0 / 64px 100%;"
/home/user/MediaHub/src/mediahub/web/web.py,5378,rgba,"rgba(0,0,0,0.10)",shadow_alpha,"  box-shadow: 0 1px 0 rgba(0,0,0,0.10);"
/home/user/MediaHub/src/mediahub/web/web.py,5392,rgba,"rgba(245,242,232,0.04)",unclassified,"  background: rgba(245,242,232,0.04);"
/home/user/MediaHub/src/mediahub/web/web.py,5425,rgba,"rgba(255,255,255,0.02)",gradient_stop,"    linear-gradient(180deg, rgba(255,255,255,0.02), transparent 60%),"
/home/user/MediaHub/src/mediahub/web/web.py,5476,rgba,"rgba(212,255,58,0.10)",unclassified,"  background: rgba(212,255,58,0.10);"
/home/user/MediaHub/src/mediahub/web/web.py,5477,rgba,"rgba(212,255,58,0.30)",unclassified,"  border: 1px solid rgba(212,255,58,0.30);"
/home/user/MediaHub/src/mediahub/web/web.py,5507,rgba,"rgba(255,107,107,0.30)",unclassified,"  border: 1px solid rgba(255,107,107,0.30);"
/home/user/MediaHub/src/mediahub/web/web.py,5527,rgba,"rgba(212,255,58,0.025)",gradient_stop,"    repeating-linear-gradient(45deg, rgba(212,255,58,0.025) 0 10px, transparent 10px 20px),"
/home/user/MediaHub/src/mediahub/web/web.py,5544,rgba,"rgba(212,255,58,0.05)",gradient_stop,"    repeating-linear-gradient(45deg, rgba(212,255,58,0.05) 0 10px, transparent 10px 20px),"
/home/user/MediaHub/src/mediahub/web/web.py,5635,rgba,"rgba(94,227,154,0.30)",unclassified,"  border: 1px solid rgba(94,227,154,0.30);"
/home/user/MediaHub/src/mediahub/web/web.py,5646,rgba,"rgba(255,180,84,0.30)",unclassified,"  border-color: rgba(255,180,84,0.30);"
/home/user/MediaHub/src/mediahub/web/web.py,5653,rgba,"rgba(94,227,154,0.6)",shadow_alpha,"  box-shadow: 0 0 6px rgba(94,227,154,0.6);"
/home/user/MediaHub/src/mediahub/web/web.py,5655,rgba,"rgba(255,180,84,0.6)",shadow_alpha,".mh-provider-badge.warn .mh-provider-dot { background: var(--warn); box-shadow: 0 0 6px rgba(255,180,84,0.6); }"
/home/user/MediaHub/src/mediahub/web/web.py,6233,rgba,"rgba(255,180,84,0.10)",inline_fstring,"        f""background:rgba(255,180,84,0.10);font-size:13px;"""
/home/user/MediaHub/src/mediahub/web/web.py,6442,rgba,"rgba(212,255,58,0.12)",unclassified,"      + (active?'var(--lane)':'var(--border)') + ';background:' + (active?'rgba(212,255,58,0.12)':'transparent')"
/home/user/MediaHub/src/mediahub/web/web.py,6464,rgba,"rgba(212,255,58,0.15)",inline_html_style,"      return '<button type=""button"" class=""mh-vbtn"" data-fmt=""' + f[0] + '"" style=""font-size:11px;padding:3px 10px;borde"
/home/user/MediaHub/src/mediahub/web/web.py,6501,rgba,"rgba(212,255,58,0.30)",inline_html_style,"    panel.innerHTML = '<div style=""padding:24px;text-align:center;color:var(--ink-muted);font-size:13px""><div style=""wid"
/home/user/MediaHub/src/mediahub/web/web.py,6981,rgba,"rgba(245,242,232,0.14)",unclassified,"              border:1px solid var(--chrome,var(--border,rgba(245,242,232,0.14)));"
/home/user/MediaHub/src/mediahub/web/web.py,6983,rgba,"rgba(245,242,232,0.03)",unclassified,"              background:rgba(245,242,232,0.03);margin-left:8px"">"
/home/user/MediaHub/src/mediahub/web/web.py,6988,rgba,"rgba(245,242,232,0.20)",unclassified,"                   background:#fff;border:1px solid rgba(245,242,232,0.20)"">"
/home/user/MediaHub/src/mediahub/web/web.py,6997,rgba,"rgba(245,242,232,0.20)",unclassified,"                   border:1px solid rgba(245,242,232,0.20)""></span>"
/home/user/MediaHub/src/mediahub/web/web.py,7003,rgba,"rgba(245,242,232,0.20)",unclassified,"                   border:1px solid rgba(245,242,232,0.20);margin-left:-4px""></span>"
/home/user/MediaHub/src/mediahub/web/web.py,7065,rgba,"rgba(94,227,154,0.55)",unclassified,"        dot.style.boxShadow  = '0 0 8px rgba(94,227,154,0.55)';"
/home/user/MediaHub/src/mediahub/web/web.py,7069,rgba,"rgba(255,107,107,0.55)",unclassified,"        dot.style.boxShadow  = '0 0 8px rgba(255,107,107,0.55)';"
/home/user/MediaHub/src/mediahub/web/web.py,7077,rgba,"rgba(255,107,107,0.55)",unclassified,"      dot.style.boxShadow  = '0 0 8px rgba(255,107,107,0.55)';"
/home/user/MediaHub/src/mediahub/web/web.py,8899,rgba,"rgba(255,93,108,0.06)",unclassified,"                        'background:rgba(255,93,108,0.06);border-left:3px solid var(--mh-prim-error-500)"">'"
/home/user/MediaHub/src/mediahub/web/web.py,8904,rgba,"rgba(0,0,0,0.25)",unclassified,"                        ""background:rgba(0,0,0,0.25);border-radius:6px;"""
/home/user/MediaHub/src/mediahub/web/web.py,8959,rgba,"rgba(255,93,108,0.06)",inline_fstring,"                'background:rgba(255,93,108,0.06);border-left:3px solid var(--mh-prim-error-500)"">'"
/home/user/MediaHub/src/mediahub/web/web.py,9204,rgba,"rgba(255,255,255,0.04)",inline_html_style,"    <input id=""mh-url-input"" type=""url"" inputmode=""url"" autocomplete=""off"" placeholder=""https://results.example.org/cham"
/home/user/MediaHub/src/mediahub/web/web.py,9207,rgba,"rgba(212,255,58,0.06)",inline_html_style,"  <div id=""mh-url-status"" role=""status"" aria-live=""polite"" hidden style=""margin-top:var(--sp-3);padding:10px 12px;border"
/home/user/MediaHub/src/mediahub/web/web.py,9207,rgba,"rgba(212,255,58,0.22)",inline_html_style,"  <div id=""mh-url-status"" role=""status"" aria-live=""polite"" hidden style=""margin-top:var(--sp-3);padding:10px 12px;border"
/home/user/MediaHub/src/mediahub/web/web.py,10548,rgba,"rgba(255,255,255,0.06)",inline_html_style,"        <div style=""flex:1;min-width:80px;max-width:160px;height:6px;background:rgba(255,255,255,0.06);border-radius:3px"
/home/user/MediaHub/src/mediahub/web/web.py,10622,rgba,"rgba(255,255,255,0.02)",inline_fstring,"                f'<div style=""margin-bottom:12px;padding:12px;background:rgba(255,255,255,0.02);border-radius:10px;borde"
/home/user/MediaHub/src/mediahub/web/web.py,10985,rgba,"rgba(255,255,255,0.06)",inline_html_style,"        <div style=""flex:1;min-width:80px;max-width:160px;height:6px;background:rgba(255,255,255,0.06);border-radius:3px"
/home/user/MediaHub/src/mediahub/web/web.py,11095,rgba,"rgba(255,180,84,0.30)",unclassified,"                    ""background:var(--warn-bg);border:1px solid rgba(255,180,84,0.30);"""
/home/user/MediaHub/src/mediahub/web/web.py,11114,rgba,"rgba(245,242,232,0.018)",unclassified,".ach-row:hover {{ background: rgba(245,242,232,0.018); }}"
/home/user/MediaHub/src/mediahub/web/web.py,13534,rgba,"rgba(255,255,255,0.08)",inline_html_style,"                '<div style=""height:10px;background:rgba(255,255,255,0.08);'"
/home/user/MediaHub/src/mediahub/web/web.py,13873,rgba,"rgba(255,93,108,0.06)",unclassified,"                    'background:rgba(255,93,108,0.06);border-left:3px solid var(--mh-prim-error-500)"">'"
/home/user/MediaHub/src/mediahub/web/web.py,13878,rgba,"rgba(0,0,0,0.25)",unclassified,"                    ""background:rgba(0,0,0,0.25);border-radius:6px;"""
/home/user/MediaHub/src/mediahub/web/web.py,13890,rgba,"rgba(255,93,108,0.06)",inline_fstring,"                'background:rgba(255,93,108,0.06);border-left:3px solid var(--mh-prim-error-500)"">'"
/home/user/MediaHub/src/mediahub/web/web.py,14120,rgba,"rgba(255,170,58,0.10)",inline_fstring,"            ""background:rgba(255,170,58,0.10);border-left:3px solid var(--mh-prim-warning-500);"""
/home/user/MediaHub/src/mediahub/web/web.py,14291,rgba,"rgba(44,201,127,0.12)",unclassified,"            ""background:rgba(44,201,127,0.12);color:#2cc97f;font-size:12px;"""
/home/user/MediaHub/src/mediahub/web/web.py,14292,rgba,"rgba(44,201,127,0.30)",unclassified,"            'font-weight:600;border:1px solid rgba(44,201,127,0.30)"">healthy</span>'"
/home/user/MediaHub/src/mediahub/web/web.py,14295,rgba,"rgba(255,93,108,0.12)",unclassified,"            ""background:rgba(255,93,108,0.12);color:var(--mh-prim-error-500);font-size:12px;"""
/home/user/MediaHub/src/mediahub/web/web.py,14296,rgba,"rgba(255,93,108,0.30)",unclassified,"            'font-weight:600;border:1px solid rgba(255,93,108,0.30)"">degraded</span>'"
/home/user/MediaHub/src/mediahub/web/web.py,14609,rgba,"rgba(34,211,238,.12)",inline_html_style,"            ""own"": '<span class=""tag"" style=""background:rgba(34,211,238,.12);color:var(--accent)"">OWN</span>',"
/home/user/MediaHub/src/mediahub/web/web.py,14610,rgba,"rgba(167,139,250,.12)",inline_html_style,"            ""external"": '<span class=""tag"" style=""background:rgba(167,139,250,.12);color:var(--medal)"">EXTERNAL</span>',"
/home/user/MediaHub/src/mediahub/web/web.py,14611,rgba,"rgba(250,204,21,.12)",inline_html_style,"            ""direct"": '<span class=""tag"" style=""background:rgba(250,204,21,.12);color:var(--lane)"">DIRECT</span>',"
/home/user/MediaHub/src/mediahub/web/web.py,15595,rgba,"rgba(245,242,232,0.20)",inline_fstring,"                    f""border:1px solid rgba(245,242,232,0.20);"""
/home/user/MediaHub/src/mediahub/web/web.py,15790,rgba,"rgba(255,107,107,0.40)",inline_html_style,"                '<div class=""card"" style=""border-color:rgba(255,107,107,0.40)"">'"
/home/user/MediaHub/src/mediahub/web/web.py,15800,rgba,"rgba(255,107,107,0.40)",inline_html_style,"                '<div class=""card"" style=""border-color:rgba(255,107,107,0.40)"">'"
/home/user/MediaHub/src/mediahub/web/web.py,15811,rgba,"rgba(255,107,107,0.40)",inline_html_style,"                '<div class=""card"" style=""border-color:rgba(255,107,107,0.40)"">'"
/home/user/MediaHub/src/mediahub/web/web.py,16218,rgba,"rgba(212,255,58,0.04)",inline_fstring,"                    f""background:rgba(212,255,58,0.04);border:1px solid var(--border);"""
/home/user/MediaHub/src/mediahub/web/web.py,16402,rgba,"rgba(255,180,84,0.45)",unclassified,"            ""border:1px solid rgba(255,180,84,0.45);border-radius:8px;"""
/home/user/MediaHub/src/mediahub/web/web.py,16403,rgba,"rgba(255,180,84,0.08)",unclassified,"            ""background:rgba(255,180,84,0.08);font-size:13px;"""
/home/user/MediaHub/src/mediahub/web/web.py,16736,rgba,"rgba(255,255,255,0.02)",inline_html_style,"                '<div style=""margin:0 0 14px;padding:12px;background:rgba(255,255,255,0.02);'"
/home/user/MediaHub/src/mediahub/web/web.py,16776,rgba,"rgba(34,211,238,0.03)",inline_html_style,"            '<div style=""margin:0 0 14px;padding:12px;background:rgba(34,211,238,0.03);'"
/home/user/MediaHub/src/mediahub/web/web.py,17000,rgba,"rgba(212,255,58,0.04)",inline_html_style,"<div class=""card"" style=""margin-top:var(--sp-4);border-left:2px solid var(--lane);background:rgba(212,255,58,0.04)"">"
/home/user/MediaHub/src/mediahub/web/web.py,17269,rgba,"rgba(244,63,94,0.3)",inline_fstring,"                f'<button class=""btn secondary"" type=""submit"" style=""font-size:11px;padding:4px 10px;color:var(--bad);bo"
/home/user/MediaHub/src/mediahub/web/web.py,17491,rgba,"rgba(34,211,238,0.03)",inline_html_style,"            '<div class=""card"" style=""margin-bottom:14px;background:rgba(34,211,238,0.03)"">'"
/home/user/MediaHub/src/mediahub/web/web.py,18291,rgba,"rgba(255,255,255,0.15)",inline_fstring,"                f'background:{_h(hexv)};border:1px solid rgba(255,255,255,0.15)""></span>'"
/home/user/MediaHub/src/mediahub/web/web.py,18305,rgba,"rgba(255,255,255,0.02)",inline_fstring,"                f'color:{colour};background:rgba(255,255,255,0.02)"">{_h(text)}</span>'"
/home/user/MediaHub/src/mediahub/web/web.py,18355,rgba,"rgba(212,255,58,0.03)",inline_html_style,"<div class=""card"" style=""margin-bottom:20px;border:1px dashed var(--border);background:rgba(212,255,58,0.03)"">"
/home/user/MediaHub/src/mediahub/web/web.py,18427,rgba,"rgba(167,139,250,0.04)",inline_html_style,"<div class=""card"" style=""margin-bottom:20px;border:1px dashed var(--border);background:rgba(167,139,250,0.04)"">"
/home/user/MediaHub/src/mediahub/web/web.py,18470,rgba,"rgba(212,255,58,0.04)",inline_html_style,"<div class=""card"" style=""margin-bottom:20px;border:1px solid var(--accent);background:rgba(212,255,58,0.04)"">"
/home/user/MediaHub/src/mediahub/web/web.py,18518,rgba,"rgba(167,139,250,0.4)",inline_html_style,"<div class=""card"" style=""margin-bottom:20px;border:1px solid rgba(167,139,250,0.4);background:rgba(167,139,250,0.04)"">"
/home/user/MediaHub/src/mediahub/web/web.py,18518,rgba,"rgba(167,139,250,0.04)",inline_html_style,"<div class=""card"" style=""margin-bottom:20px;border:1px solid rgba(167,139,250,0.4);background:rgba(167,139,250,0.04)"">"
/home/user/MediaHub/src/mediahub/web/web.py,18794,rgba,"rgba(255,180,84,0.30)",inline_fstring,"            f""border:1px solid rgba(255,180,84,0.30);border-left:3px solid {accent};"""
/home/user/MediaHub/src/mediahub/web/web.py,18795,rgba,"rgba(255,180,84,0.06)",inline_fstring,"            ""background:rgba(255,180,84,0.06);color:var(--ink);"""
/home/user/MediaHub/src/mediahub/web/web.py,18826,rgba,"rgba(255,107,107,0.30)",unclassified,"                ""border:1px solid rgba(255,107,107,0.30);border-left:3px solid var(--bad);"""
/home/user/MediaHub/src/mediahub/web/web.py,18827,rgba,"rgba(255,107,107,0.06)",unclassified,"                ""background:var(--bad-bg,rgba(255,107,107,0.06));color:var(--ink);"""
/home/user/MediaHub/src/mediahub/web/web.py,19002,rgba,"rgba(255,107,107,0.30)",unclassified,"                ""border:1px solid rgba(255,107,107,0.30);border-left:3px solid var(--bad);"""
/home/user/MediaHub/src/mediahub/web/web.py,19003,rgba,"rgba(255,107,107,0.06)",unclassified,"                ""background:var(--bad-bg,rgba(255,107,107,0.06));color:var(--ink);"""
/home/user/MediaHub/src/mediahub/web/web.py,19204,rgba,"rgba(255,255,255,0.08)",inline_html_style,"            '<thead><tr style=""text-align:left;border-bottom:1px solid rgba(255,255,255,0.08)"">'"
/home/user/MediaHub/src/mediahub/web/web.py,19295,rgba,"rgba(255,255,255,0.08)",inline_html_style,"            '<thead><tr style=""text-align:left;border-bottom:1px solid rgba(255,255,255,0.08)"">'"
/home/user/MediaHub/src/mediahub/web/web.py,20002,rgba,"rgba(34,197,94,0.10)",inline_html_style,"                    '<span class=""pill"" style=""background:rgba(34,197,94,0.10);'"
/home/user/MediaHub/src/mediahub/web/web.py,20003,rgba,"rgba(34,197,94,0.30)",unclassified,"                    'border-color:rgba(34,197,94,0.30);color:var(--good)"">Active</span>'"
/home/user/MediaHub/src/mediahub/web/web.py,20009,rgba,"rgba(245,158,11,0.10)",inline_html_style,"                    '<span class=""pill"" style=""background:rgba(245,158,11,0.10);'"
/home/user/MediaHub/src/mediahub/web/web.py,20010,rgba,"rgba(245,158,11,0.30)",unclassified,"                    'border-color:rgba(245,158,11,0.30);color:var(--warn)"">'"
/home/user/MediaHub/src/mediahub/web/web.py,20015,rgba,"rgba(255,255,255,0.06)",inline_html_style,"                    '<span class=""pill"" style=""background:rgba(255,255,255,0.06);'"
/home/user/MediaHub/src/mediahub/web/web.py,20016,rgba,"rgba(255,255,255,0.10)",unclassified,"                    'border-color:rgba(255,255,255,0.10);color:var(--ink-muted)"">'"
/home/user/MediaHub/src/mediahub/web/web.py,20058,rgba,"rgba(255,107,107,0.30)",unclassified,"                ""border: 1px solid rgba(255,107,107,0.30);"""
/home/user/MediaHub/src/mediahub/web/web.py,20201,rgba,"rgba(245,158,11,0.10)",inline_html_style,"                    '<span class=""pill"" style=""background:rgba(245,158,11,0.10);'"
/home/user/MediaHub/src/mediahub/web/web.py,20202,rgba,"rgba(245,158,11,0.30)",unclassified,"                    'border-color:rgba(245,158,11,0.30);color:var(--warn)"">'"
/home/user/MediaHub/src/mediahub/web/web.py,20289,rgba,"rgba(255,255,255,0.08)",unclassified,"            'rgba(255,255,255,0.08)"">'"
/home/user/MediaHub/src/mediahub/web/web.py,20348,rgba,"rgba(255,180,84,0.45)",unclassified,"                ""border:1px solid rgba(255,180,84,0.45);border-radius:8px;"""
/home/user/MediaHub/src/mediahub/web/web.py,20349,rgba,"rgba(255,180,84,0.08)",unclassified,"                ""background:rgba(255,180,84,0.08);font-size:13px;"""
/home/user/MediaHub/src/mediahub/web/web.py,20419,rgba,"rgba(255,255,255,0.15)",inline_fstring,"                        f'border:1px solid rgba(255,255,255,0.15)""></span>'"
/home/user/MediaHub/src/mediahub/web/web.py,20445,rgba,"rgba(255,255,255,0.12)",inline_fstring,"                        f'border:1px solid rgba(255,255,255,0.12)""></span>'"
/home/user/MediaHub/src/mediahub/web/web.py,20459,rgba,"rgba(255,255,255,0.02)",inline_fstring,"                        f'<div style=""margin-top:8px;padding:10px;background:rgba(255,255,255,0.02);'"
/home/user/MediaHub/src/mediahub/web/web.py,20532,rgba,"rgba(255,255,255,0.08)",inline_html_style,"      style=""margin-top:14px;padding-top:14px;border-top:1px solid rgba(255,255,255,0.08)"">"
/home/user/MediaHub/src/mediahub/web/web.py,20634,rgba,"rgba(255,255,255,0.15)",inline_fstring,"                        f'border:1px solid rgba(255,255,255,0.15);flex-shrink:0""></span>'"
/home/user/MediaHub/src/mediahub/web/web.py,20646,rgba,"rgba(255,255,255,0.08)",inline_html_style,"<div style=""margin-top:14px;padding-top:14px;border-top:1px solid rgba(255,255,255,0.08)"">"
/home/user/MediaHub/src/mediahub/web/web.py,20681,rgba,"rgba(212,255,58,0.04)",inline_fstring,"     background:rgba(212,255,58,0.04)"">"
/home/user/MediaHub/src/mediahub/web/web.py,20750,rgba,"rgba(245,242,232,0.04)",unclassified,"                        'height:96px;background:rgba(245,242,232,0.04);border-radius:4px;'"
/home/user/MediaHub/src/mediahub/web/web.py,20758,rgba,"rgba(255,255,255,0.15)",inline_fstring,"                    f""background:{_h(c)};border:1px solid rgba(255,255,255,0.15);"""
/home/user/MediaHub/src/mediahub/web/web.py,20790,rgba,"rgba(255,107,107,0.3)",inline_fstring,"                    f""background:transparent;border:1px solid rgba(255,107,107,0.3);"""
/home/user/MediaHub/src/mediahub/web/web.py,20831,rgba,"rgba(212,255,58,0.08)",unclassified,"                    ""background:rgba(212,255,58,0.08);border:1px solid rgba(212,255,58,0.30);"""
/home/user/MediaHub/src/mediahub/web/web.py,20831,rgba,"rgba(212,255,58,0.30)",unclassified,"                    ""background:rgba(212,255,58,0.08);border:1px solid rgba(212,255,58,0.30);"""
/home/user/MediaHub/src/mediahub/web/web.py,20856,rgba,"rgba(44,201,127,0.05)",unclassified,"                'border-radius:8px;background:rgba(44,201,127,0.05);font-size:12px;line-height:1.5"">'"
/home/user/MediaHub/src/mediahub/web/web.py,20880,rgba,"rgba(94,227,154,0.12)",unclassified,"                ""rgba(94,227,154,0.12)"","
/home/user/MediaHub/src/mediahub/web/web.py,20881,rgba,"rgba(94,227,154,0.45)",unclassified,"                ""rgba(94,227,154,0.45)"","
/home/user/MediaHub/src/mediahub/web/web.py,20886,rgba,"rgba(255,180,84,0.10)",unclassified,"                ""rgba(255,180,84,0.10)"","
/home/user/MediaHub/src/mediahub/web/web.py,20887,rgba,"rgba(255,180,84,0.45)",unclassified,"                ""rgba(255,180,84,0.45)"","
/home/user/MediaHub/src/mediahub/web/web.py,20892,rgba,"rgba(255,107,107,0.10)",unclassified,"                ""rgba(255,107,107,0.10)"","
/home/user/MediaHub/src/mediahub/web/web.py,20893,rgba,"rgba(255,107,107,0.45)",unclassified,"                ""rgba(255,107,107,0.45)"","
/home/user/MediaHub/src/mediahub/web/web.py,20898,rgba,"rgba(255,180,84,0.10)",unclassified,"                ""rgba(255,180,84,0.10)"","
/home/user/MediaHub/src/mediahub/web/web.py,20899,rgba,"rgba(255,180,84,0.45)",unclassified,"                ""rgba(255,180,84,0.45)"","
/home/user/MediaHub/src/mediahub/web/web.py,20904,rgba,"rgba(255,180,84,0.10)",unclassified,"                ""rgba(255,180,84,0.10)"","
/home/user/MediaHub/src/mediahub/web/web.py,20905,rgba,"rgba(255,180,84,0.45)",unclassified,"                ""rgba(255,180,84,0.45)"","
/home/user/MediaHub/src/mediahub/web/web.py,20910,rgba,"rgba(255,107,107,0.10)",unclassified,"                ""rgba(255,107,107,0.10)"","
/home/user/MediaHub/src/mediahub/web/web.py,20911,rgba,"rgba(255,107,107,0.45)",unclassified,"                ""rgba(255,107,107,0.45)"","
/home/user/MediaHub/src/mediahub/web/web.py,20916,rgba,"rgba(245,242,232,0.04)",unclassified,"                ""rgba(245,242,232,0.04)"","
/home/user/MediaHub/src/mediahub/web/web.py,20917,rgba,"rgba(245,242,232,0.14)",unclassified,"                ""rgba(245,242,232,0.14)"","
/home/user/MediaHub/src/mediahub/web/web.py,20929,rgba,"rgba(245,242,232,0.04)",unclassified,"                    ""rgba(245,242,232,0.04)"","
/home/user/MediaHub/src/mediahub/web/web.py,20930,rgba,"rgba(245,242,232,0.14)",unclassified,"                    ""rgba(245,242,232,0.14)"","
/home/user/MediaHub/src/mediahub/web/web.py,20967,rgba,"rgba(245,242,232,0.14)",unclassified,"                        ""border:1px solid var(--chrome,var(--border,rgba(245,242,232,0.14)));"""
/home/user/MediaHub/src/mediahub/web/web.py,21157,rgba,"rgba(245,242,232,0.04)",unclassified,"                   background:rgba(245,242,232,0.04);"
/home/user/MediaHub/src/mediahub/web/web.py,21158,rgba,"rgba(245,242,232,0.14)",unclassified,"                   border:1px solid var(--chrome,var(--border,rgba(245,242,232,0.14)));"
/home/user/MediaHub/src/mediahub/web/web.py,21364,rgba,"rgba(245,242,232,0.14)",unclassified,"  border: 1px solid var(--chrome, var(--border, rgba(245,242,232,0.14)));"
/home/user/MediaHub/src/mediahub/web/web.py,21368,rgba,"rgba(0,0,0,0.45)",shadow_alpha,"  box-shadow: 0 14px 32px rgba(0,0,0,0.45);"
/home/user/MediaHub/src/mediahub/web/web.py,21380,rgba,"rgba(212,255,58,0.10)",unclassified,"  background: rgba(212,255,58,0.10);"
/home/user/MediaHub/src/mediahub/web/web.py,21395,rgba,"rgba(245,242,232,0.30)",unclassified,"  border: 1px dashed var(--chrome, var(--border, rgba(245,242,232,0.30)));"
/home/user/MediaHub/src/mediahub/web/web.py,21401,rgba,"rgba(212,255,58,0.02)",gradient_stop,"    repeating-linear-gradient(45deg, rgba(212,255,58,0.02) 0 10px,"
/home/user/MediaHub/src/mediahub/web/web.py,21413,rgba,"rgba(212,255,58,0.06)",unclassified,"  background: rgba(212,255,58,0.06);"
/home/user/MediaHub/src/mediahub/web/web.py,22560,rgba,"rgba(255,180,84,0.30)",unclassified,"                    ""background:var(--warn-bg);border:1px solid rgba(255,180,84,0.30);"""
/home/user/MediaHub/src/mediahub/web/web.py,22602,rgba,"rgba(244,213,141,0.04)",inline_html_style,"<div id=""reel-panel"" class=""no-print"" style=""display:none;margin-bottom:14px;padding:14px;background:rgba(244,213,141,0."
/home/user/MediaHub/src/mediahub/web/web.py,23125,rgba,"rgba(245,158,11,0.04)",inline_html_style,"                '<div class=""card"" style=""border-color:var(--warn);background:rgba(245,158,11,0.04)"">'"
/home/user/MediaHub/src/mediahub/web/web.py,23172,rgba,"rgba(245,158,11,0.12)",unclassified,"                    ""background:rgba(245,158,11,0.12);border:1px solid var(--warn);"""
/home/user/MediaHub/src/mediahub/web/web.py,23239,rgba,"rgba(255,255,255,0.03)",inline_html_style,"                        '<div style=""padding:10px;background:rgba(255,255,255,0.03);'"
/home/user/MediaHub/src/mediahub/web/web.py,23257,rgba,"rgba(255,255,255,0.02)",inline_fstring,"                    f'border-radius:8px;background:rgba(255,255,255,0.02)"">{html_block}</div>'"
/home/user/MediaHub/src/mediahub/web/web.py,23672,rgba,"rgba(255,180,84,0.30)",unclassified,"                    ""background:var(--warn-bg);border:1px solid rgba(255,180,84,0.30);"""
/home/user/MediaHub/src/mediahub/web/web.py,23708,rgba,"rgba(244,213,141,0.04)",inline_html_style,"<div id=""reel-panel-grouped"" style=""display:none;margin-bottom:14px;padding:14px;background:rgba(244,213,141,0.04);borde"
/home/user/MediaHub/src/mediahub/web/web.py,23770,rgba,"rgba(244,213,141,0.30)",inline_html_style,"    '<div style=""width:24px;height:24px;border:2px solid rgba(244,213,141,0.30);border-top-color:var(--medal);border-rad"
/home/user/MediaHub/src/mediahub/web/web.py,23853,rgba,"rgba(212,255,58,0.18)",unclassified,"    b.style.background = (b === btn) ? 'rgba(212,255,58,0.18)' : '';"
/home/user/MediaHub/src/mediahub/web/web.py,12886,rgb,"rgb(10,11,17)",inline_html_style,"        ""          + '<body style=\""font-family:system-ui,sans-serif;background:rgb(10,11,17);'\n"""
/home/user/MediaHub/src/mediahub/web/web.py,12887,rgb,"rgb(245,242,232)",unclassified,"        ""          + 'color:rgb(245,242,232);display:flex;align-items:center;justify-content:center;'\n"""
